deal_id,W_d,y_d
D1,1.300000,48.000000
D2,1.100000,46.200000
D3,1.600000,44.000000
D4,1.200000,34.000000
D5,1.500000,28.200000
D6,1.000000,30.000000
D7,1.400000,26.000000
D8,1.300000,21.000000
