deal_id,break_id,x_db
D1,B1,3.000000
D1,B13,1.000000
D1,B5,3.000000
D1,B9,3.000000
D2,B11,2.000000
D2,B3,3.000000
D2,B7,3.000000
D3,B2,4.000000
D3,B4,4.000000
D3,B6,4.000000
D4,B11,1.000000
D4,B13,2.000000
D4,B15,3.000000
D5,B10,3.000000
D5,B8,3.000000
D7,B10,1.000000
D7,B12,4.000000
D7,B14,3.000000
D8,B14,1.000000
D8,B16,4.000000
